"Country,Other",TotalCases,NewCases,TotalDeaths,NewDeaths,TotalRecovered,NewRecovered,ActiveCases,"Serious,Critical",TotÂ Cases/1M pop,Deaths/1M pop,TotalTests,"Tests/
1M pop",Population,Continent,1 Caseevery X ppl,1 Deathevery X ppl,1 Testevery X ppl,New Cases/1M pop,New Deaths/1M pop,Active Cases/1M pop,Start Date,End Date,Length,First Case,Fisrt case / lockdown
United States,108103082,,1173670,,105975479.0,,953933.0,1184.0,322883,3506.0,1181726232.0,3529593.0,334805269,North America,3,285.0,0.0,,,2849.0,2020-03-19,2021-06-15,453.0,2020-01-20,59
India,44997167,,531930,,44463717.0,,1520.0,,31989,378.0,930797975.0,661721.0,1406631776,Asia,31,2644.0,2.0,,,1.0,2020-03-25,2020-06-07,74.0,2020-01-30,55
Germany,38428685,,174352,,38240600.0,,13733.0,,458119,2078.0,122332384.0,1458359.0,83883596,Europe,2,481.0,1.0,,,164.0,2020-03-16,2020-05-30,75.0,2020-01-27,49
Brazil,37771706,,705313,,36249161.0,,817232.0,,175394,3275.0,63776166.0,296146.0,215353593,South America,6,305.0,3.0,,,3795.0,2020-03-17,2020-04-07,21.0,2020-02-25,21
South Korea,34436586,,35812,,33908615.0,46890.0,492159.0,238.0,670887,698.0,15804065.0,307892.0,51329899,Asia,1,1433.0,3.0,,,9588.0,,,,2020-01-20,0
Japan,33803572,,74694,,,,,83.0,269169,595.0,100414883.0,799578.0,125584838,Asia,4,1681.0,1.0,,,95582.0,,,,2020-01-16,0
Italy,25955703,,191276,,25639992.0,,124435.0,19.0,430709,3174.0,274852965.0,4560908.0,60262770,Europe,2,315.0,0.0,,,2065.0,2020-03-09,2020-05-18,70.0,2020-01-30,39
United Kingdom,24671491,,228707,,24432525.0,777.0,10259.0,,360179,3339.0,522526476.0,7628357.0,68497907,Europe,3,300.0,0.0,,,150.0,2020-03-23,2020-07-04,103.0,2020-01-31,52
Russia,22989632,,399983,,22443780.0,,145869.0,,157673,2743.0,273400000.0,1875095.0,145805947,Europe,6,365.0,1.0,,,1000.0,2020-03-30,2020-05-12,43.0,2020-01-31,59
Turkey,17232066,,102174,,,,,,201399,1194.0,162743369.0,1902052.0,85561976,Asia,5,837.0,1.0,,,4024.0,2020-04-23,2020-04-27,4.0,2020-03-11,43
Spain,13914811,,121760,,13762417.0,,30634.0,231.0,297840,2606.0,471036328.0,10082298.0,46719142,Europe,3,384.0,0.0,,,656.0,2020-03-14,2020-05-09,56.0,2020-01-31,43
Australia,11753452,,22646,,11725595.0,,5211.0,21.0,450863,869.0,81916639.0,3142326.0,26068792,Australia/Oceania,2,1151.0,0.0,,,200.0,,,,2020-01-25,0
Vietnam,11622900,,43206,,10640547.0,,939147.0,,117458,437.0,85826548.0,867342.0,98953541,Asia,9,2290.0,1.0,,,9491.0,2020-04-01,2020-04-22,21.0,2020-01-23,69
Argentina,10061739,,130568,,9930223.0,,948.0,363.0,218685,2838.0,35716069.0,776264.0,46010234,South America,5,352.0,1.0,,,21.0,,,,2020-03-03,0
Mexico,7633355,,334336,,6885378.0,,413641.0,,58021,2541.0,20013810.0,152124.0,131562772,North America,17,394.0,7.0,,,3144.0,2020-03-23,2020-06-01,70.0,2020-02-28,24
Iran,7613532,,146321,,7374684.0,,92527.0,18.0,88506,1701.0,56934517.0,661854.0,86022837,Asia,11,588.0,2.0,,,1076.0,2020-03-14,2020-04-20,37.0,2020-02-19,24
Indonesia,6813095,,161916,,6646293.0,,4886.0,,24408,580.0,114158919.0,408975.0,279134505,Asia,41,1724.0,2.0,,,18.0,,,,2020-03-02,0
Poland,6519095,,119640,,5335940.0,,1063515.0,53.0,172738,3170.0,38823669.0,1028720.0,37739785,Europe,6,315.0,1.0,,,28180.0,2020-03-13,2020-04-11,29.0,2020-03-04,9
Colombia,6378000,,142961,,6190683.0,,44356.0,342.0,123814,2775.0,36951507.0,717327.0,51512762,South America,8,360.0,1.0,,,861.0,2020-03-25,2020-06-30,97.0,2020-03-06,19
Austria,6081287,,22542,,6054934.0,,3811.0,14.0,670727,2486.0,211273524.0,23302116.0,9066710,Europe,1,402.0,0.0,,,420.0,,,,2020-02-25,0
Portugal,5601153,,27094,,5570657.0,,3402.0,61.0,552351,2672.0,46139518.0,4549993.0,10140570,Europe,2,374.0,0.0,,,335.0,2020-03-19,2020-04-02,14.0,2020-03-02,17
Chile,5291279,,64497,,5226522.0,,260.0,8.0,274869,3350.0,49969649.0,2595800.0,19250195,South America,4,298.0,0.0,,,14.0,,,,2020-03-03,0
Malaysia,5123264,,37165,,5073384.0,,12715.0,4.0,154403,1120.0,68422478.0,2062094.0,33181072,Asia,6,893.0,0.0,,,383.0,2020-03-18,2020-06-09,83.0,2020-01-25,53
Israel,4833983,,12635,,4798473.0,,22875.0,21.0,518334,1355.0,41373364.0,4436346.0,9326000,Asia,2,738.0,0.0,,,2453.0,2020-04-02,2020-04-16,14.0,2020-02-21,41
Belgium,4807469,,34376,,4768478.0,358.0,4615.0,43.0,412012,2946.0,37018657.0,3172590.0,11668278,Europe,2,339.0,0.0,,,396.0,,,,2020-02-03,0
Thailand,4756406,,34459,,4692636.0,,29311.0,,67873,492.0,17270775.0,246450.0,70078203,Asia,15,2034.0,4.0,,,418.0,2020-03-25,2020-05-31,67.0,2020-01-13,72
Canada,4706450,,53345,,4645323.0,291.0,7782.0,99.0,122601,1390.0,66343123.0,1728207.0,38388419,North America,8,720.0,1.0,,,203.0,,,,2020-01-25,0
Czechia,4644350,,42818,,4600888.0,,644.0,2.0,432564,3988.0,57255518.0,5332651.0,10736784,Europe,2,251.0,0.0,,,60.0,,,,2020-03-01,0
Peru,4519018,,221722,,4296784.0,,512.0,4.0,134158,6582.0,39010194.0,1158115.0,33684208,South America,7,152.0,1.0,,,15.0,2020-03-16,2020-06-30,106.0,2020-03-06,10
Switzerland,4409747,,14452,,4393319.0,,1976.0,39.0,502613,1647.0,23833472.0,2716487.0,8773637,Europe,2,607.0,0.0,,,225.0,2020-03-17,2020-04-27,41.0,2020-02-25,21
Philippines,4174101,,66643,,4103828.0,,3630.0,162.0,37100,592.0,35659012.0,316944.0,112508994,Asia,27,1688.0,3.0,,,32.0,2020-03-27,2020-05-15,49.0,2020-01-30,57
South Africa,4076463,,102595,,3912506.0,,61362.0,192.0,67095,1689.0,26795090.0,441027.0,60756135,Africa,15,592.0,2.0,,,1010.0,2020-03-26,2020-04-30,35.0,2020-03-05,21
Romania,3417177,,68270,,3342687.0,,6220.0,41.0,179555,3587.0,27837010.0,1462693.0,19031335,Europe,6,279.0,1.0,,,327.0,2020-03-25,2020-05-12,48.0,2020-02-26,28
Denmark,3183297,,8795,,3174062.0,,440.0,4.0,545557,1507.0,129325951.0,22164020.0,5834950,Europe,2,663.0,0.0,,,75.0,,,,2020-02-27,0
Hong Kong,2917947,,13819,,2901816.0,,2312.0,28.0,383723,1817.0,76127725.0,10011143.0,7604299,Asia,3,550.0,0.0,,,304.0,,,,2020-01-22,0
Sweden,2714519,,24755,,2688982.0,41.0,782.0,1.0,265635,2422.0,19500873.0,1908301.0,10218971,Europe,4,413.0,1.0,,,77.0,,,,2020-01-31,0
Singapore,2549083,,1875,,2149583.0,,397625.0,2.0,428883,315.0,24756666.0,4165302.0,5943546,Asia,2,3170.0,0.0,,,66900.0,2020-04-07,2020-06-01,55.0,2020-01-23,75
Iraq,2465545,,25375,,2439497.0,,673.0,21.0,58474,602.0,19544451.0,463523.0,42164965,Asia,17,1662.0,2.0,,,16.0,2020-03-22,2020-04-11,20.0,2020-02-24,27
New Zealand,2454300,,4720,,2447540.0,,2040.0,,501061,964.0,7768604.0,1586011.0,4898203,Australia/Oceania,2,1038.0,1.0,,,416.0,2020-03-23,2020-05-13,51.0,2020-02-28,24
Hungary,2203564,,48881,,2152155.0,,2528.0,2.0,229388,5088.0,11394556.0,1186160.0,9606259,Europe,4,197.0,1.0,,,263.0,2020-03-28,2020-04-10,13.0,2020-03-04,24
Bangladesh,2045286,,29476,,1998448.0,,17362.0,,12183,176.0,15254399.0,90862.0,167885689,Asia,82,5696.0,11.0,,,103.0,,,,2020-03-08,0
Slovakia,1867037,,21167,,1845758.0,,112.0,3.0,341936,3877.0,7434605.0,1361601.0,5460193,Europe,3,258.0,1.0,,,21.0,,,,2020-03-06,0
Georgia,1855289,,17132,,1776548.0,,61609.0,,467476,4317.0,16920079.0,4263340.0,3968738,Asia,2,232.0,0.0,,,15524.0,,,,2020-02-26,0
Jordan,1746997,,14122,,1731007.0,,1868.0,59.0,169597,1371.0,17201885.0,1669945.0,10300869,Asia,6,729.0,1.0,,,181.0,2020-03-18,2020-04-30,43.0,2020-03-02,16
Ireland,1718293,,9180,,1705885.0,,3228.0,19.0,342276,1829.0,13083449.0,2606161.0,5020199,Europe,3,547.0,0.0,,,643.0,,,,2020-02-29,0
Pakistan,1581603,,30663,,1538689.0,,12251.0,1.0,6892,134.0,30580695.0,133256.0,229488994,Asia,145,7484.0,8.0,,,53.0,2020-03-24,2020-05-09,46.0,2020-02-26,27
Norway,1486958,,5626,,1481069.0,212.0,263.0,20.0,269798,1021.0,11002430.0,1996315.0,5511370,Europe,4,980.0,1.0,,,48.0,,,,2020-02-26,0
Finland,1484331,,10171,,1473448.0,,712.0,21.0,267208,1831.0,12101220.0,2178453.0,5554960,Europe,4,546.0,0.0,,,128.0,,,,2020-01-29,0
Kazakhstan,1411831,,13848,,1383020.0,,14963.0,24.0,73514,721.0,11575012.0,602707.0,19205043,Asia,14,1387.0,2.0,,,779.0,,,,2020-03-13,0
Slovenia,1344516,,7100,,1337079.0,,337.0,8.0,647013,3417.0,2847701.0,1370382.0,2078034,Europe,2,293.0,1.0,,,162.0,,,,2020-03-04,0
Lithuania,1323292,,9699,,1312478.0,,1115.0,,497159,3644.0,10476705.0,3936084.0,2661708,Europe,2,274.0,0.0,,,419.0,2020-03-16,2020-06-18,94.0,2020-02-28,17
Bulgaria,1310874,,38451,,1270676.0,,1747.0,12.0,191520,5618.0,11334561.0,1655987.0,6844597,Europe,5,178.0,1.0,,,255.0,,,,2020-03-08,0
Guatemala,1275868,,20255,,1254047.0,,1566.0,5.0,68654,1090.0,7593848.0,408622.0,18584039,North America,15,918.0,2.0,,,84.0,,,,2020-03-13,0
Morocco,1275555,,16297,,1256151.0,,3107.0,3.0,33769,431.0,13001033.0,344191.0,37772756,Africa,30,2318.0,3.0,,,82.0,2020-03-19,2020-06-10,83.0,2020-03-02,17
Croatia,1274434,,18297,,1255865.0,,272.0,,313955,4507.0,5627573.0,1386346.0,4059286,Europe,3,222.0,1.0,,,67.0,,,,2020-02-25,0
Costa Rica,1238883,,9428,,860711.0,,368744.0,52.0,239058,1819.0,4659757.0,899158.0,5182354,North America,4,550.0,1.0,,,71154.0,,,,2020-03-06,0
Lebanon,1238552,,10936,,1087587.0,,140029.0,74.0,185277,1636.0,4795578.0,717380.0,6684849,Asia,5,611.0,1.0,,,20947.0,,,,2020-02-21,0
Bolivia,1207206,,22399,,1177145.0,,7662.0,220.0,100662,1868.0,2710261.0,225993.0,11992656,South America,10,535.0,4.0,,,639.0,,,,2020-03-10,0
Tunisia,1153361,,29423,,,,,44.0,95741,2442.0,5013383.0,416164.0,12046656,Africa,10,409.0,2.0,,,1157.0,2020-03-22,2020-04-19,28.0,2020-03-02,20
Cuba,1115118,,8530,,1106522.0,,66.0,2.0,98634,754.0,14345940.0,1268918.0,11305652,North America,10,1325.0,1.0,,,6.0,,,,2020-03-11,0
United Arab Emirates,1067030,,2349,,1054525.0,,10156.0,,105837,233.0,200732262.0,19910389.0,10081785,Asia,9,4292.0,0.0,,,1007.0,2020-03-26,2020-04-17,22.0,2020-01-29,57
Panama,1048045,,8658,,1039191.0,,196.0,16.0,235677,1947.0,7792123.0,1752234.0,4446964,North America,4,514.0,1.0,,,44.0,2020-03-25,2020-05-31,67.0,2020-03-09,16
Uruguay,1038774,,7634,,1030944.0,,196.0,18.0,297131,2184.0,6114822.0,1749083.0,3496016,South America,3,458.0,1.0,,,56.0,,,,2020-03-13,0
Mongolia,1010975,,2179,,1008792.0,,4.0,192.0,299275,645.0,4030048.0,1193000.0,3378078,Asia,3,1550.0,1.0,,,1.0,,,,2020-03-10,0
Nepal,1003428,,12031,,991322.0,,75.0,,33198,398.0,6047766.0,200088.0,30225582,Asia,30,2512.0,5.0,,,2.0,,,,2020-01-23,0
Belarus,994037,,7118,,985592.0,,1327.0,,105381,755.0,13646641.0,1446722.0,9432800,Europe,9,1325.0,1.0,,,141.0,,,,2020-02-28,0
Latvia,978354,,6392,,971406.0,,556.0,,529173,3457.0,7880260.0,4262279.0,1848837,Europe,2,289.0,0.0,,,301.0,,,,2020-03-02,0
Saudi Arabia,841469,,9646,,827923.0,,3900.0,66.0,23475,269.0,45481735.0,1268848.0,35844909,Asia,43,3716.0,1.0,,,109.0,2020-03-29,2020-06-21,84.0,2020-03-02,27
Azerbaijan,832182,,10300,,821773.0,,109.0,,80793,1000.0,7671823.0,744822.0,10300205,Asia,12,1000.0,1.0,,,11.0,,,,2020-02-28,0
Paraguay,813630,,20008,,,,,7.0,111367,2739.0,2657506.0,363751.0,7305843,South America,9,365.0,3.0,,,13045.0,2020-03-20,2020-05-03,44.0,2020-03-07,13
Bahrain,726372,,1570,,724480.0,,322.0,4.0,407163,880.0,10904892.0,6112666.0,1783983,Asia,2,1136.0,0.0,,,180.0,,,,2020-02-24,0
Sri Lanka,672579,,16882,,655684.0,,13.0,,31173,782.0,6486117.0,300619.0,21575842,Asia,32,1278.0,3.0,,,0.6,2020-03-18,2020-06-21,95.0,2020-01-27,51
Dominican Republic,667048,,4384,,644785.0,,17879.0,4.0,60332,397.0,3740928.0,338350.0,11056370,North America,17,2522.0,3.0,,,1617.0,,,,2020-03-01,0
Kuwait,666123,,2570,,660237.0,,3316.0,,152072,587.0,8455743.0,1930391.0,4380326,Asia,7,1704.0,1.0,,,757.0,,,,2020-02-24,0
Myanmar,641183,,19495,,619922.0,,1766.0,,11610,353.0,11162982.0,202129.0,55227143,Asia,86,2833.0,5.0,,,32.0,,,,2020-03-23,0
Moldova,621065,,12126,,504142.0,,104797.0,49.0,154757,3022.0,3216305.0,801437.0,4013171,Europe,6,331.0,1.0,,,26113.0,,,,2020-03-07,0
Palestine,621008,,5404,,615445.0,,159.0,17.0,116173,1011.0,3078533.0,575907.0,5345541,Asia,9,989.0,2.0,,,30.0,,,,2020-03-05,0
Estonia,619545,,3001,,524990.0,,91554.0,,468674,2270.0,3733254.0,2824136.0,1321910,Europe,2,440.0,0.0,,,69259.0,,,,2020-02-27,0
Venezuela,552695,,5856,,546537.0,,302.0,31.0,18885,200.0,3359014.0,114771.0,29266991,South America,53,4998.0,9.0,,,10.0,2020-03-17,2020-05-13,57.0,2020-03-13,4
Egypt,516023,,24613,,442182.0,,49228.0,122.0,4861,232.0,3693367.0,34792.0,106156692,Africa,206,4313.0,29.0,,,464.0,,,,2020-02-14,0
Qatar,514524,,690,,513687.0,,147.0,16.0,172664,232.0,4065369.0,1364257.0,2979915,Asia,6,4319.0,1.0,,,49.0,,,,2020-02-29,0
Libya,507269,,6437,,500831.0,,1.0,,72048,914.0,2483848.0,352782.0,7040745,Africa,14,1094.0,3.0,,,0.1,,,,2020-03-24,0
Ethiopia,500991,,7574,,488165.0,,5252.0,,4147,63.0,5563762.0,46053.0,120812698,Africa,241,15951.0,22.0,,,43.0,,,,2020-03-13,0
RÃ©union,486588,,921,,418572.0,,67095.0,10.0,535854,1014.0,1603660.0,1766027.0,908061,Africa,2,986.0,1.0,,,73888.0,,,,2020-03-11,0
Honduras,473547,,11161,,,,,105.0,46330,1092.0,1660662.0,162472.0,10221247,North America,22,916.0,6.0,,,32270.0,,,,2020-03-11,0
Armenia,449293,,8751,,435162.0,,5380.0,,151177,2945.0,3242901.0,1091164.0,2971966,Asia,7,340.0,1.0,,,1810.0,,,,2020-03-01,0
Bosnia and Herzegovina,403064,,16352,,379084.0,,7628.0,,124046,5032.0,1884721.0,580036.0,3249317,Europe,8,199.0,2.0,,,2348.0,,,,2020-03-05,0
Oman,399449,,4628,,384669.0,,10152.0,2.0,75028,869.0,25000000.0,4695724.0,5323993,Asia,13,1150.0,0.0,,,1907.0,,,,2020-02-24,0
Zambia,349287,,4069,,341316.0,,3902.0,,17940,209.0,4112961.0,211244.0,19470234,Africa,56,4785.0,5.0,,,200.0,,,,2020-03-18,0
North Macedonia,348374,,9677,,337068.0,,1629.0,,167383,4649.0,2226216.0,1069626.0,2081304,Europe,6,215.0,1.0,,,783.0,,,,2020-02-26,0
Kenya,343918,,5689,,337309.0,,920.0,1.0,6118,101.0,3967062.0,70569.0,56215221,Africa,163,9881.0,14.0,,,16.0,,,,2020-03-13,0
Albania,334726,,3602,,329428.0,,1696.0,,116777,1257.0,1941032.0,677173.0,2866374,Europe,9,796.0,1.0,,,592.0,,,,2020-03-08,0
Botswana,330229,,2801,,327049.0,,379.0,1.0,135275,1147.0,2026898.0,830300.0,2441162,Africa,7,872.0,1.0,,,155.0,,,,2020-03-30,0
Luxembourg,319959,,1232,,316690.0,,2037.0,,498091,1918.0,4587145.0,7140959.0,642371,Europe,2,521.0,0.0,,,3171.0,,,,2020-02-29,0
Brunei ,310522,,225,,243601.0,,66696.0,3.0,697127,505.0,717784.0,1611437.0,445431,Asia,1,1980.0,1.0,,,149734.0,,,,,0
Montenegro,292373,,2828,,288955.0,,590.0,6.0,465599,4504.0,2764972.0,4403172.0,627950,Europe,2,222.0,0.0,,,940.0,,,,2020-03-17,0
Algeria,271852,,6881,,183061.0,,81910.0,,5995,152.0,230960.0,5093.0,45350148,Africa,167,6591.0,196.0,,,1806.0,,,,2020-02-25,0
Nigeria,266675,,3155,,259953.0,,3567.0,11.0,1230,15.0,5708974.0,26339.0,216746934,Africa,813,68700.0,38.0,,,16.0,,,,2020-02-27,0
Zimbabwe,265721,,5713,,258888.0,,1120.0,12.0,17332,373.0,2525756.0,164744.0,15331428,Africa,58,2684.0,6.0,,,73.0,2020-03-30,2020-05-02,33.0,2020-03-20,10
Uzbekistan,253662,,1637,,241486.0,,10539.0,23.0,7378,48.0,1377915.0,40077.0,34382084,Asia,136,21003.0,25.0,,,307.0,,,,2020-03-15,0
Mozambique,233417,,2243,,228805.0,,2369.0,11.0,7054,68.0,1371127.0,41437.0,33089461,Africa,142,14752.0,24.0,,,72.0,,,,2020-03-22,0
Martinique,230354,,1102,,,,,12.0,615777,2946.0,828928.0,2215870.0,374087,North America,2,339.0,0.0,,,612553.0,,,,2020-03-05,0
Afghanistan,225273,,7944,,205721.0,,11608.0,,5528,195.0,1297016.0,31825.0,40754388,Asia,181,5130.0,31.0,,,285.0,,,,2020-02-24,0
Laos,218814,,758,,,,,,29249,101.0,1233207.0,164845.0,7481023,Asia,34,9869.0,6.0,,,28124.0,,,,2020-03-24,0
Iceland,209191,,229,,,,,2.0,605661,663.0,1996384.0,5780036.0,345393,Europe,2,1508.0,0.0,,,385871.0,,,,2020-02-28,0
Kyrgyzstan,206897,,2991,,196406.0,,7500.0,131.0,30750,445.0,1907195.0,283460.0,6728271,Asia,33,2250.0,4.0,,,1115.0,,,,2020-03-18,0
Guadeloupe,203235,,1021,,,,,19.0,508349,2554.0,938039.0,2346306.0,399794,North America,2,392.0,0.0,,,500168.0,,,,2020-03-13,0
El Salvador,201785,,4230,,179410.0,,18145.0,8.0,30805,646.0,2610114.0,398467.0,6550389,North America,32,1549.0,3.0,,,2770.0,,,,2020-03-18,0
Trinidad and Tobago,191496,,4390,,187078.0,,28.0,8.0,136143,3121.0,913289.0,649295.0,1406585,North America,7,320.0,2.0,,,20.0,,,,2020-03-12,0
Maldives,186687,,316,,163687.0,,22684.0,25.0,345087,584.0,2213831.0,4092223.0,540985,Asia,3,1712.0,0.0,,,41931.0,,,,2020-03-07,0
Namibia,171998,,4098,,167099.0,,801.0,,65302,1556.0,1062663.0,403460.0,2633874,Africa,15,643.0,2.0,,,304.0,,,,2020-03-14,0
Ghana,171740,,1462,,170255.0,,23.0,2.0,5301,45.0,2538052.0,78346.0,32395450,Africa,189,22158.0,13.0,,,0.7,,,,2020-03-13,0
Uganda,171729,,3632,,100431.0,,67666.0,3.0,3546,75.0,3012408.0,62198.0,48432863,Africa,282,13335.0,16.0,,,1397.0,,,,2020-03-20,0
Jamaica,155860,,3596,,103032.0,,49232.0,,52213,1205.0,1183986.0,396633.0,2985094,North America,19,830.0,3.0,,,16493.0,,,,2020-03-10,0
Rwanda,133194,,1468,,131647.0,,79.0,,9793,108.0,6021981.0,442778.0,13600464,Africa,102,9265.0,2.0,,,6.0,,,,2020-03-14,0
Cameroon,125090,,1974,,122807.0,,309.0,13.0,4482,71.0,1751774.0,62762.0,27911548,Africa,223,14140.0,16.0,,,11.0,,,,2020-03-06,0
Malta,120055,,857,,118451.0,,747.0,,270374,1930.0,2149281.0,4840363.0,444033,Europe,4,518.0,0.0,,,1682.0,,,,2020-03-07,0
Barbados,109503,,620,,108647.0,,236.0,,380188,2153.0,801451.0,2782594.0,288023,North America,3,465.0,0.0,,,819.0,,,,2020-03-17,0
Angola,105384,,1934,,103419.0,,31.0,,3009,55.0,1499795.0,42818.0,35027343,Africa,332,18111.0,23.0,,,0.9,,,,2020-03-19,0
Channel Islands,101717,,228,,101321.0,,168.0,,576421,1292.0,1252808.0,7099551.0,176463,Europe,2,774.0,0.0,,,952.0,,,,,0
French Guiana,98041,,420,,11254.0,,86367.0,6.0,312065,1337.0,651257.0,2072951.0,314169,South America,3,748.0,0.0,,,274906.0,,,,2020-03-04,0
DRC,97697,,1468,,84489.0,,11740.0,,1026,15.0,846704.0,8890.0,95240792,Africa,975,64878.0,112.0,,,123.0,,,,,0
Senegal,89014,,1971,,87024.0,,19.0,,5042,112.0,1146543.0,64946.0,17653671,Africa,198,8957.0,15.0,,,1.0,,,,2020-03-02,0
Malawi,88835,,2686,,85651.0,,498.0,67.0,4402,133.0,624784.0,30959.0,20180839,Africa,227,7513.0,32.0,,,25.0,,,,2020-04-02,0
Ivory Coast,88338,,835,,87497.0,,6.0,,3184,30.0,1690934.0,60951.0,27742298,Africa,314,33224.0,16.0,,,0.2,,,,2020-03-11,0
Suriname,82588,,1408,,,,,,138378,2359.0,242207.0,405822.0,596831,South America,7,424.0,2.0,,,52623.0,,,,2020-03-13,0
New Caledonia,79922,,314,,79605.0,,3.0,9.0,274726,1079.0,98964.0,340182.0,290915,Australia/Oceania,4,926.0,3.0,,,10.0,,,,2020-03-18,0
French Polynesia,78621,,649,,,,,7.0,276675,2284.0,,,284164,Australia/Oceania,4,438.0,,,,156501.0,,,,2020-03-11,0
Eswatini,74882,,1427,,73116.0,,339.0,,63201,1204.0,1048704.0,885119.0,1184817,Africa,16,830.0,1.0,,,286.0,,,,2020-03-14,0
Guyana,73385,,1299,,72013.0,,73.0,,92419,1636.0,733218.0,923396.0,794045,South America,11,611.0,1.0,,,92.0,,,,2020-03-11,0
Belize,70782,,688,,70085.0,,9.0,6.0,171722,1669.0,576016.0,1397453.0,412190,North America,6,599.0,1.0,,,22.0,,,,2020-03-23,0
Fiji,69117,,885,,67226.0,,1006.0,,75997,973.0,672883.0,739866.0,909466,Australia/Oceania,13,1028.0,1.0,,,1106.0,,,,2020-03-19,0
Madagascar,68289,,1425,,66862.0,,2.0,,2340,49.0,531329.0,18210.0,29178077,Africa,427,20476.0,55.0,,,0.07,,,,2020-03-20,0
Cabo Verde,64238,,415,,63755.0,,68.0,23.0,113159,731.0,401622.0,707482.0,567678,Africa,9,1368.0,1.0,,,120.0,,,,,0
Mauritania,63715,,997,,62471.0,,247.0,,12998,203.0,1009957.0,206030.0,4901981,Africa,77,4917.0,5.0,,,50.0,,,,2020-03-14,0
Bhutan,62697,,21,,61564.0,,1112.0,,79571,27.0,2303734.0,2923739.0,787941,Asia,13,37521.0,0.0,,,1411.0,,,,2020-03-06,0
Burundi,54239,,38,,53569.0,,632.0,,4296,3.0,345742.0,27386.0,12624840,Africa,233,332233.0,37.0,,,50.0,,,,2020-03-31,0
Seychelles,50937,,172,,50750.0,,15.0,,512311,1730.0,,,99426,Africa,2,578.0,,,,151.0,,,,2020-03-14,0
Gabon,48992,,307,,48674.0,,11.0,,21013,132.0,1621909.0,695641.0,2331533,Africa,48,7595.0,1.0,,,5.0,,,,2020-03-13,0
Andorra,48015,,165,,47563.0,,287.0,14.0,619844,2130.0,249838.0,3225256.0,77463,Europe,2,469.0,0.0,,,3705.0,,,,2020-03-02,0
Papua New Guinea,46864,,670,,46168.0,,26.0,7.0,5043,72.0,249149.0,26813.0,9292169,Australia/Oceania,198,13869.0,37.0,,,3.0,,,,2020-03-20,0
CuraÃ§ao,45986,,295,,44720.0,,971.0,3.0,277812,1782.0,496693.0,3000640.0,165529,North America,4,561.0,0.0,,,5866.0,,,,2020-03-13,0
Aruba,44224,,292,,42438.0,,1494.0,2.0,410969,2714.0,177885.0,1653068.0,107609,North America,2,369.0,1.0,,,13884.0,,,,2020-03-13,0
Tanzania,43078,,846,,,,,7.0,681,13.0,,,63298550,Africa,1469,74821.0,,,,664.0,,,,2020-03-16,0
Mauritius,42870,,1051,,41133.0,,686.0,,33631,824.0,358675.0,281374.0,1274727,Africa,30,1213.0,4.0,,,538.0,,,,2020-03-18,0
Mayotte,42027,,188,,,,,,146815,657.0,176919.0,618038.0,286259,Africa,7,1523.0,2.0,,,135804.0,,,,2020-03-14,0
Togo,39513,,290,,39216.0,,7.0,,4552,33.0,812881.0,93641.0,8680837,Africa,220,29934.0,11.0,,,0.8,,,,2020-03-06,0
Guinea,38563,,468,,37757.0,,338.0,8.0,2781,34.0,660107.0,47607.0,13865691,Africa,360,29628.0,21.0,,,24.0,,,,2020-03-13,0
Bahamas,38084,,844,,36366.0,,874.0,1.0,95087,2107.0,257839.0,643767.0,400516,North America,11,475.0,2.0,,,2182.0,,,,2020-03-15,0
Isle of Man,38008,,116,,,,,,443335,1353.0,150753.0,1758422.0,85732,Europe,2,739.0,1.0,,,129450.0,,,,2020-03-19,0
Lesotho,34790,,723,,25980.0,,8087.0,,15990,332.0,431221.0,198199.0,2175699,Africa,63,3009.0,5.0,,,3717.0,,,,2020-05-13,0
Faeroe Islands,34658,,28,,,,,5.0,703959,569.0,778000.0,15802409.0,49233,Europe,1,1758.0,0.0,,,547133.0,,,,,0
Haiti,34306,,860,,33372.0,,74.0,,2937,74.0,132422.0,11337.0,11680283,North America,340,13582.0,88.0,,,6.0,,,,2020-03-19,0
Mali,33151,,743,,32332.0,,76.0,,1544,35.0,804909.0,37483.0,21473764,Africa,648,28901.0,27.0,,,4.0,,,,2020-03-25,0
Cayman Islands,31472,,37,,8553.0,,22882.0,1.0,467797,550.0,222773.0,3311280.0,67277,North America,2,1818.0,0.0,,,340116.0,,,,2020-03-13,0
Saint Lucia,30052,,409,,29095.0,,548.0,,162344,2209.0,210983.0,1139752.0,185113,North America,6,453.0,1.0,,,2960.0,,,,2020-03-13,0
Benin,28014,,163,,27847.0,,4.0,,2191,13.0,604310.0,47268.0,12784726,Africa,456,78434.0,21.0,,,0.3,,,,2020-03-16,0
Somalia,27334,,1361,,13182.0,,12791.0,,1623,81.0,400466.0,23778.0,16841795,Africa,616,12375.0,42.0,,,759.0,,,,2020-03-16,0
Micronesia,26530,,65,,,,,1.0,225808,553.0,82430.0,701598.0,117489,Australia/Oceania,4,1808.0,1.0,,,162126.0,,,,,0
Congo,25375,,386,,24006.0,,983.0,,4377,67.0,347815.0,59991.0,5797805,Africa,228,15020.0,17.0,,,170.0,,,,2020-03-14,0
Solomon Islands,24575,,153,,,,,1.0,34077,212.0,,,721159,Australia/Oceania,29,4713.0,,,,11183.0,,,,2020-10-03,0
San Marino,24416,,126,,24249.0,,41.0,4.0,716327,3697.0,196855.0,5775414.0,34085,Europe,1,271.0,0.0,,,1203.0,,,,2020-02-27,0
Timor-Leste,23460,,138,,23102.0,,220.0,,17131,101.0,278529.0,203391.0,1369429,Asia,58,9923.0,5.0,,,161.0,,,,,0
Burkina Faso,22056,,396,,21596.0,,64.0,,998,18.0,248995.0,11265.0,22102838,Africa,1002,55815.0,89.0,,,3.0,,,,2020-03-10,0
Liechtenstein,21474,,94,,21352.0,,28.0,,559408,2449.0,112457.0,2929559.0,38387,Europe,2,408.0,0.0,,,729.0,,,,2020-03-03,0
Gibraltar,20550,,113,,16579.0,,3858.0,,609720,3353.0,534283.0,15852213.0,33704,Europe,2,298.0,0.0,,,114467.0,,,,2020-03-03,0
Grenada,19693,,238,,19358.0,,97.0,4.0,173545,2097.0,182981.0,1612523.0,113475,North America,6,477.0,1.0,,,855.0,,,,2020-03-22,0
Bermuda,18860,,165,,18685.0,,10.0,,304493,2664.0,1029558.0,16622128.0,61939,North America,3,375.0,0.0,,,161.0,,,,2020-03-18,0
Nicaragua,18491,,225,,4225.0,,14041.0,,2728,33.0,,,6779100,North America,367,30129.0,,,,2071.0,,,,2020-03-18,0
South Sudan,18368,,138,,18115.0,,115.0,1.0,1581,12.0,410280.0,35313.0,11618511,Africa,633,84192.0,28.0,,,10.0,,,,2020-04-05,0
Tajikistan,17786,,125,,17264.0,,397.0,,1786,13.0,,,9957464,Asia,560,79660.0,,,,40.0,,,,2020-04-30,0
Equatorial Guinea,17229,,183,,16907.0,,139.0,5.0,11512,122.0,365697.0,244342.0,1496662,Africa,87,8178.0,4.0,,,93.0,,,,2020-03-14,0
Monaco,16901,,67,,15992.0,,842.0,4.0,424830,1684.0,78646.0,1976875.0,39783,Europe,2,594.0,1.0,,,21165.0,,,,2020-02-28,0
Tonga,16819,,13,,15638.0,,1168.0,,156094,121.0,535009.0,4965327.0,107749,Australia/Oceania,6,8288.0,0.0,,,10840.0,,,,2021-10-29,0
Samoa,16778,,31,,1605.0,,15142.0,,82961,153.0,187397.0,926612.0,202239,Australia/Oceania,12,6524.0,1.0,,,74872.0,,,,2020-11-18,0
Marshall Islands,16119,,17,,16083.0,,19.0,,268395,283.0,,,60057,Australia/Oceania,4,3533.0,,,,316.0,,,,2020-10-28,0
Dominica,15760,,74,,15673.0,,13.0,,217848,1023.0,229344.0,3170187.0,72344,North America,5,978.0,0.0,,,180.0,,,,2020-03-22,0
Djibouti,15690,,189,,15427.0,,74.0,,15441,186.0,305941.0,301094.0,1016097,Africa,65,5376.0,3.0,,,73.0,,,,2020-03-18,0
Macao,15420,,123,,3487.0,,11810.0,,23101,184.0,7850.0,11760.0,667490,Asia,43,5427.0,85.0,,,17693.0,,,,,0
CAR,15368,,113,,15200.0,,55.0,2.0,3063,23.0,81294.0,16205.0,5016678,Africa,326,44395.0,62.0,,,11.0,,,,,0
Gambia,12626,,372,,12189.0,,65.0,,4935,145.0,155686.0,60851.0,2558482,Africa,203,6878.0,16.0,,,25.0,,,,2020-03-17,0
Saint Martin,12324,,63,,1399.0,,10862.0,7.0,310194,1586.0,112382.0,2828643.0,39730,North America,3,631.0,0.0,,,273395.0,,,,2020-03-01,0
Vanuatu,12019,,14,,11976.0,,29.0,,37346,44.0,24976.0,77606.0,321832,Australia/Oceania,27,22988.0,13.0,,,90.0,,,,2020-11-11,0
Greenland,11971,,21,,2761.0,,9189.0,4.0,210117,369.0,164926.0,2894810.0,56973,North America,5,2713.0,0.0,,,161287.0,,,,2020-03-16,0
Yemen,11945,,2159,,9124.0,,662.0,23.0,383,69.0,329592.0,10579.0,31154867,Asia,2608,14430.0,95.0,,,21.0,,,,2020-04-10,0
Caribbean Netherlands,11682,,38,,10476.0,,1168.0,,438398,1426.0,30126.0,1130559.0,26647,North America,2,701.0,1.0,,,43832.0,,,,,0
Sint Maarten,11051,,92,,10905.0,,54.0,,251353,2093.0,62056.0,1411454.0,43966,North America,4,478.0,1.0,,,1228.0,,,,2020-03-17,0
Niger,9931,,312,,8890.0,,729.0,1.0,381,12.0,254538.0,9759.0,26083660,Africa,2626,83601.0,102.0,,,28.0,,,,2020-03-19,0
St. Vincent Grenadines,9631,,124,,9493.0,,14.0,,86337,1112.0,114197.0,1023720.0,111551,North America,12,900.0,1.0,,,126.0,,,,,0
Guinea-Bissau,9614,,177,,8929.0,,508.0,6.0,4659,86.0,145231.0,70385.0,2063367,Africa,215,11657.0,14.0,,,246.0,,,,2020-03-25,0
Comoros,9109,,161,,8939.0,,9.0,,10038,177.0,,,907419,Africa,100,5636.0,,,,10.0,,,,2020-04-30,0
Antigua and Barbuda,9106,,146,,8954.0,,6.0,1.0,91509,1467.0,18901.0,189943.0,99509,North America,11,682.0,5.0,,,60.0,,,,2020-03-13,0
Liberia,8090,,295,,7783.0,,12.0,2.0,1525,56.0,139824.0,26356.0,5305117,Africa,656,17983.0,38.0,,,2.0,,,,2020-03-16,0
Sierra Leone,7762,,126,,,,,,934,15.0,259958.0,31296.0,8306436,Africa,1070,65924.0,32.0,,,330.0,,,,2020-03-31,0
Chad,7701,,194,,4874.0,,2633.0,,442,11.0,191341.0,10988.0,17413580,Africa,2261,89761.0,91.0,,,151.0,,,,2020-03-19,0
British Virgin Islands,7305,,64,,,,,,238757,2092.0,107339.0,3508269.0,30596,North America,4,478.0,0.0,,,392.0,,,,2020-03-25,0
Turks and Caicos,6630,,39,,6576.0,,15.0,4.0,166830,981.0,614852.0,15471478.0,39741,North America,6,1019.0,0.0,,,377.0,,,,,0
Sao Tome and Principe,6596,,80,,6515.0,,1.0,,28971,351.0,29036.0,127530.0,227679,Africa,35,2846.0,8.0,,,4.0,,,,,0
Palau,6228,,9,,6211.0,,8.0,,341578,494.0,70599.0,3872045.0,18233,Australia/Oceania,3,2026.0,0.0,,,439.0,,,,2021-05-31,0
St. Barth,5507,,6,,,,,,553746,603.0,78646.0,7908095.0,9945,North America,2,1658.0,0.0,,,506687.0,,,,,0
Nauru,5393,,1,,5347.0,,45.0,,494635,92.0,20509.0,1881042.0,10903,Australia/Oceania,2,10903.0,1.0,,,4127.0,,,,2022-04-02,0
Kiribati,5085,,24,,2703.0,,2358.0,3.0,41201,194.0,,,123419,Australia/Oceania,24,5142.0,,,,19106.0,,,,2021-05-18,0
Anguilla,3904,,12,,3879.0,,13.0,4.0,256336,788.0,51382.0,3373736.0,15230,North America,4,1269.0,0.0,,,854.0,,,,2020-03-26,0
Wallis and Futuna,3550,,8,,438.0,,3104.0,,323256,728.0,20508.0,1867419.0,10982,Australia/Oceania,3,1373.0,1.0,,,282644.0,,,,2020-10-16,0
Saint Pierre Miquelon,3452,,2,,2449.0,,1001.0,1.0,599410,347.0,25400.0,4410488.0,5759,North America,2,2880.0,0.0,,,173815.0,,,,,0
Tuvalu,2943,,1,,,,2942.0,,243909,83.0,,,12066,Australia/Oceania,4,12066.0,,,,243826.0,,,,2022-05-20,0
Saint Helena,2166,, ,,2.0,,2164.0,,354211,,,,6115,Africa,3,,,,,353884.0,,,,,0
Montserrat,1403,,8,,1376.0,,19.0,,282578,1611.0,17762.0,3577442.0,4965,North America,4,621.0,0.0,,,3827.0,,,,2020-03-18,0
Niue,884,, ,,874.0,,10.0,,545006,,,,1622,Australia/Oceania,2,,,,,6165.0,,,,2022-03-09,0
Tokelau,80,, ,,,,80.0,,58055,,,,1378,Australia/Oceania,17,,,,,58055.0,,,,2022-12-21,0
China,503302,,5272,,379053.0,,118977.0,,347,4.0,160000000.0,110461.0,1448471400,Asia,2878,274748.0,9.0,,,82.0,,,,2019-12-01,0
